,CPI,IPI,EPI,IQI,EQI,EXPORT,IMPORT,OIL_WTI,OIL_DUBAI,OIL_BRENT,GOLD,KOSPI,exchange,FEDR,KBR,FPI_SELL,FPI_BUY,FX,TB_KR_1,TB_KR_3,TB_KR_5,TB_KR_10,CB_KR_3AA,CB_KR_3BBB,TB_US_10,CB_US_AAA,CB_US_BAA,TB_US_1,TB_US_3,TB_US_5,TB_GAP_1,TB_GAP_3,TB_GAP_5,TB_GAP_10,CD_KR,T_BILL,CD_GAP
,5,5,5,5,5,5,5,5,5,5,5,5,5,2,2,5,5,5,2,2,2,2,2,2,2,2,2,2,2,2,2,2,2,2,2,2,2
2004-01,71.172,42.15,40.2,54.63,33.16,2644698,1920993,34.15,29.06,30.98,413.79,848.5,1184.32,1,3.75,314034,432089,156601527,4.6,4.88,5.16,5.42,5.67,9.99,4.1505,5.54,6.442,1.2395,2.271,3.1215,3.3605,2.609,2.0385,1.2695,4.26,1.06,3.2
2004-02,71.487,45.12,44.55,57.07,35.94,3097012,2182455,34.72,28.83,30.8,404.88,883.42,1166.69,1.01,3.75,320685,413441,162160352,4.42,4.83,5.13,5.43,5.63,10.03,4.084210526,5.5,6.265263,1.243684211,2.246842105,3.067894737,3.176315789,2.583157895,2.062105263,1.345789474,4.08,1.05,3.03
2004-03,72.181,49.65,49.92,61.88,39.97,3534533,2453066,36.76,30.56,33.42,406.67,880.5,1166.34,1,3.75,362364,510201,162712852,4.25,4.58,4.88,5.26,5.37,9.85,3.826521739,5.33,6.114348,1.187391304,2,2.786956522,3.062608696,2.58,2.093043478,1.433478261,3.93,1.05,2.88
2004-04,72.181,48.79,49.23,59.94,39.34,3544623,2273711,36.72,31.63,33.36,403.26,862.84,1150.85,1,3.75,396533,517422,162808907,4.13,4.54,4.88,5.25,5.29,9.76,4.347619048,5.73,6.459048,1.433809524,2.568095238,3.38952381,2.696190476,1.971904762,1.49047619,0.902380952,3.91,1.08,2.83
2004-05,72.119,45.71,49.34,55.42,38.99,3559013,2402048,40.27,34.75,37.59,383.78,803.84,1177.37,1,3.75,414161,438007,165700235,4.07,4.39,4.75,5.16,5.07,9.54,4.7155,6.04,6.747,1.7775,3.0975,3.8505,2.2925,1.2925,0.8995,0.4445,3.9,1.2,2.7
2004-06,72.119,47.84,48.2,57.24,37.8,4106098,2538623,38.04,33.57,35.44,392.37,785.79,1158.65,1.03,3.75,362932,366510,166187956,4.12,4.28,4.58,5.01,4.91,9.37,4.733809524,6.01,6.78381,2.115238095,3.256190476,3.929047619,2.004761905,1.023809524,0.650952381,0.276190476,3.91,1.46,2.45
2004-07,72.561,47.47,48.89,56.78,38.29,3623192,2378642,40.69,35.04,38.23,398.09,735.34,1157.66,1.26,3.75,256898,285251,167170213,4.06,4.19,4.47,4.88,4.77,9.22,4.498095238,5.82,6.622381,2.095238095,3.046190476,3.688571429,1.964761905,1.143809524,0.781428571,0.381904762,3.91,1.57,2.34
2004-08,73.191,46.25,46.09,54.49,35.56,3470222,2572372,44.94,38.61,42.22,400.51,803.57,1159,1.43,3.5,297288,361301,169651697,3.73,3.82,4.01,4.33,4.38,8.8,4.281363636,5.65,6.463182,2.015909091,2.884545455,3.474545455,1.714090909,0.935454545,0.535454545,0.048636364,3.7,1.68,2.02
2004-09,73.191,46.96,48.85,53.94,36.9,3616201,2407137,45.86,35.98,43.32,405.28,835.09,1147.97,1.61,3.5,345296,401370,173602250,3.5,3.59,3.75,4.14,4.1,8.52,4.125714286,5.46,6.268571,2.116666667,2.82952381,3.355238095,1.383333333,0.76047619,0.394761905,0.014285714,3.52,1.86,1.66
2004-10,73.191,52.59,52.97,60.55,39.6,4037438,2713016,53.17,38.21,49.74,420.46,834.84,1144.04,1.76,3.5,383202,405535,177529184,3.48,3.54,3.67,4.05,4.01,8.4,4.097,5.47,6.205,2.228,2.8535,3.3475,1.252,0.6865,0.3225,-0.047,3.52,2.04,1.48
2004-11,72.75,52.61,53.52,58.91,39.39,3809460,2313863,48.53,34.72,43.75,439.38,878.06,1091.19,1.93,3.25,345626,367405,191720022,3.34,3.42,3.53,3.96,3.86,8.26,4.194,5.52,6.203,2.5,3.0935,3.525,0.84,0.3265,0.005,-0.234,3.42,2.26,1.16
2004-12,72.877,53.71,52.84,60.02,38.87,3806704,2626726,43.28,34.14,39.97,442.08,895.92,1050.91,2.16,3.25,356862,337810,198175363,3.28,3.28,3.39,3.85,3.73,8.14,4.230909091,5.47,6.153636,2.670454545,3.214090909,3.598181818,0.609545455,0.065909091,-0.208181818,-0.380909091,3.39,2.45,0.94
2005-01,73.594,50.33,50.28,56.95,37.54,3478720,2602001,46.99,38.32,44.17,424.03,932.7,1038.23,2.28,3.25,358374,384240,198821628,3.48,3.65,3.89,4.42,4.11,8.54,4.2215,5.36,6.0175,2.8605,3.39,3.707,0.6195,0.26,0.183,0.1985,3.47,2.61,0.86
2005-02,73.892,47.77,45.47,51.5,32.69,2943673,2457854,47.99,39.67,45.72,423.35,1011.36,1022.43,2.5,3.25,353250,398361,201264108,3.48,4.19,4.47,4.88,4.63,9.05,4.165263158,5.2,5.815789,3.029473684,3.535263158,3.766315789,0.450526316,0.654736842,0.703684211,0.714736842,3.59,2.77,0.82
2005-03,74.338,58.91,56.48,62.37,40.48,3847123,2671754,54.09,46.08,53.23,434.32,965.68,1007.49,2.63,3.25,475297,426435,204625771,3.82,4.04,4.29,4.77,4.48,8.74,4.497727273,5.4,6.060909,3.302272727,3.913181818,4.165454545,0.517727273,0.126818182,0.124545455,0.272272727,3.55,2.97,0.58
2005-04,74.413,55.07,52.46,56.6,37.6,3461143,2474397,53.04,47.1,52.6,429.23,911.3,1010.94,2.79,3.25,316759,322690,205552480,3.71,3.86,4.11,4.69,4.28,8.36,4.340952381,5.33,6.049048,3.316666667,3.78952381,3.998571429,0.393333333,0.07047619,0.111428571,0.349047619,3.52,3.09,0.43
2005-05,74.338,54.65,52.97,55.6,38.41,3049347,2401004,49.92,45.07,49.29,421.87,970.21,1002.21,3,3.25,314403,307043,205286951,3.6,3.71,3.89,4.42,4.12,8.11,4.144285714,5.15,6.00619,3.330952381,3.724761905,3.852857143,0.269047619,-0.014761905,0.037142857,0.275714286,3.51,3.22,0.29
2005-06,74.114,54.46,54.87,56.06,40.61,3281114,2630202,56.31,51.1,54.84,430.66,1008.16,1010.87,3.04,3.25,352552,387532,204194844,3.66,3.79,3.97,4.46,4.18,8.15,3.998181818,4.96,5.858182,3.363181818,3.685,3.772272727,0.296818182,0.105,0.197727273,0.461818182,3.51,3.38,0.13
2005-07,74.413,54.95,54.29,56.31,40.36,3274529,2571218,58.71,52.98,57.63,424.48,1111.29,1037.44,3.26,3.25,396270,436077,204901826,3.77,4.12,4.39,4.89,4.52,8.49,4.1775,5.06,5.9525,3.641,3.914,3.979,0.129,0.206,0.411,0.7125,3.51,3.57,-0.06
2005-08,74.636,56.4,53.61,57.73,39.94,3254946,2647907,64.97,56.83,63.95,437.93,1083.33,1021.17,3.5,3.25,446688,432829,205970674,3.88,4.33,4.67,5.08,4.75,8.74,4.262608696,5.09,5.962174,3.872173913,4.078695652,4.122173913,0.007826087,0.251304348,0.547826087,0.817391304,3.5,3.77,-0.27
2005-09,75.008,58.79,56.61,58.81,42,3535928,2357418,65.66,56.93,63.26,456.05,1221.01,1029.33,3.62,3.25,529292,492208,205993844,4.19,4.52,4.81,5.15,4.92,8.86,4.199047619,5.13,6.029048,3.845238095,3.962857143,4.006190476,0.344761905,0.557142857,0.803809524,0.950952381,3.7,3.87,-0.17
2005-10,74.859,58.55,58.13,58.1,43.12,3602662,2459470,62.37,53.58,58.91,469.9,1158.11,1046.25,3.78,3.5,492022,402572,206569201,4.44,4.81,5.06,5.36,5.2,9.01,4.4635,5.35,6.298,4.1755,4.2905,4.3285,0.2645,0.5195,0.7315,0.8965,3.93,4.13,-0.2
2005-11,74.561,60.82,60.56,61.52,45.42,3939417,2567368,58.31,51.4,55.45,476.67,1297.44,1041.43,4,3.5,538650,517182,207579074,4.57,5.1,5.39,5.68,5.5,9.26,4.535,5.42,6.39,4.334,4.4335,4.4525,0.236,0.6665,0.9375,1.145,3.96,4.31,-0.35
2005-12,74.785,62.18,58.65,64.08,44.83,3673983,2745344,59.37,53.24,57.16,510.1,1379.37,1024.15,4.16,3.75,566551,462945,209967669,4.67,5.06,5.33,5.6,5.49,9.21,4.467142857,5.37,6.320952,4.352857143,4.391904762,4.392380952,0.317142857,0.668095238,0.937619048,1.132857143,4.04,4.45,-0.41
2006-01,75.231,59.24,53.99,60.77,41.38,3260918,2550570,65.23,58.46,63.31,549.86,1399.83,987.03,4.29,3.75,496519,513091,216506326,4.62,5.02,5.29,5.58,5.5,9.19,4.416,5.29,6.237,4.445,4.3515,4.3455,0.175,0.6685,0.9445,1.164,4.15,4.56,-0.41
2006-02,75.381,60.37,53.67,60.36,40.71,3145899,2584950,61.54,57.34,60.81,555,1371.59,970.22,4.49,4,459124,435629,215540201,4.57,4.87,5.03,5.28,5.33,8.79,4.568947368,5.35,6.27,4.684736842,4.637368421,4.572105263,-0.114736842,0.232631579,0.457894737,0.711052632,4.25,4.72,-0.47
2006-03,75.827,66.84,61.75,66.31,46.98,3862475,2987784,62.9,58.45,62.75,557.09,1359.6,975.09,4.59,4,492366,543249,216936352,4.57,4.93,5.13,5.42,5.3,8.48,4.723913043,5.53,6.411304,4.773478261,4.73826087,4.716086957,-0.203478261,0.19173913,0.413913043,0.696086957,4.27,4.88,-0.61
2006-04,75.902,63.15,57.84,62.67,44.17,3538737,2787257,69.67,64.54,70.34,610.65,1419.73,954.44,4.79,4,487516,479762,222499561,4.61,4.95,5.16,5.45,5.24,8.31,4.990526316,5.84,6.680526,4.897368421,4.885263158,4.902105263,-0.287368421,0.064736842,0.257894737,0.459473684,4.33,5.03,-0.7
2006-05,76.05,67.81,62.21,65.13,47.05,3516047,2745301,70.96,65.3,70.51,675.39,1317.7,941.4,4.94,4,539338,480628,224291248,4.59,4.78,4.93,5.2,5.05,8.03,5.11,5.95,6.745455,4.995,4.974545455,4.997727273,-0.405,-0.194545455,-0.067727273,0.09,4.36,5.15,-0.79
2006-06,75.902,67.02,62.88,62.32,47.09,3787495,2721041,70.96,65.16,69.23,596.15,1295.15,955.16,4.99,4.25,531197,477480,223957095,4.7,4.89,5.03,5.25,5.17,8.07,5.106363636,5.89,6.779545,5.155,5.088181818,5.067272727,-0.455,-0.198181818,-0.037272727,0.143636364,4.47,5.35,-0.88
2006-07,76.199,65.68,59.1,61.22,44.23,3593550,2814719,74.36,69.01,74.04,633.71,1297.82,950.15,5.24,4.25,423500,360010,225312891,4.82,4.89,5,5.16,5.18,8.05,5.0875,5.85,6.762,5.2175,5.07,5.04,-0.3975,-0.18,-0.04,0.0725,4.63,5.46,-0.83
2006-08,76.645,69.08,63.09,63.28,46.95,3551040,3051999,73.05,68.75,73.5,632.59,1352.74,960.72,5.25,4.5,466951,363974,226618548,4.76,4.77,4.83,4.94,5.1,7.94,4.876521739,5.68,6.588261,5.082608696,4.846086957,4.822173913,-0.322608696,-0.076086957,0.007826087,0.063478261,4.68,5.38,-0.7
2006-09,76.868,70.96,70.13,64.49,51.79,3828545,3050814,64.12,59.61,62.53,598.19,1371.41,953.68,5.25,4.5,440117,379892,227819163,4.68,4.69,4.76,4.89,5.02,7.82,4.719,5.51,6.43,4.9745,4.6925,4.6675,-0.2945,-0.0025,0.0925,0.171,4.64,5.34,-0.7
2006-10,76.496,66.04,63.52,61.54,46.94,3304223,2910674,58.88,56.34,58.76,585.78,1364.55,954.23,5.25,4.5,409222,402073,228605627,4.64,4.62,4.67,4.79,4.93,7.72,4.729047619,5.51,6.424286,5.01,4.721904762,4.686666667,-0.37,-0.101904762,-0.016666667,0.060952381,4.57,5.33,-0.76
2006-11,76.125,68.64,69.63,64.9,52.04,4029040,2789530,59.29,56.83,59.22,627.83,1432.21,936.22,5.25,4.5,493026,437668,233687776,4.7,4.72,4.79,4.91,5.05,7.84,4.595238095,5.33,6.20381,5.010952381,4.642857143,4.582380952,-0.310952381,0.077142857,0.207619048,0.314761905,4.6,5.32,-0.72
2006-12,76.348,70.56,65.45,66.6,49.13,3765533,2659531,62.03,58.41,62.26,629.79,1434.46,925.75,5.24,4.5,357642,406393,238387872,4.85,4.82,4.88,4.95,5.18,7.97,4.5645,5.32,6.2185,4.9415,4.578,4.533,-0.0915,0.242,0.347,0.3855,4.76,5.32,-0.56
2007-01,76.496,71.25,63.31,66.5,47.59,3635619,3017020,54.78,51.84,54.5,631.17,1360.23,936.36,5.25,4.5,418922,428028,239709073,4.98,4.97,5,5.04,5.32,8.11,4.75952381,5.4,6.342857,5.057142857,4.794285714,4.752857143,-0.077142857,0.175714286,0.247142857,0.28047619,4.92,5.32,-0.4
2007-02,77.017,65.82,60.14,63.02,45.89,3704008,2706306,59.27,55.88,57.97,664.75,1417.34,937.02,5.26,4.5,417355,519587,242284509,4.96,4.91,4.94,5.01,5.28,8.08,4.722631579,5.39,6.275789,5.053684211,4.753684211,4.710526316,-0.093684211,0.156315789,0.229473684,0.287368421,4.95,5.31,-0.36
2007-03,77.464,75.71,69.16,71.49,53.01,4059506,3039550,60.56,59.01,62.36,654.9,1452.55,943.26,5.26,4.5,438732,424105,243385578,4.89,4.79,4.82,4.94,5.2,7.99,4.564545455,5.3,6.267727,4.920454545,4.506363636,4.480909091,-0.030454545,0.283636364,0.339090909,0.375454545,4.94,5.3,-0.36
2007-04,77.761,75.9,67.9,69.94,51.86,3844902,3416959,63.97,63.87,67.69,679.37,1542.24,931.5,5.25,4.5,463474,531133,246781374,4.97,4.94,4.96,5.07,5.34,8.11,4.693809524,5.47,6.393333,4.932380952,4.601428571,4.593333333,0.037619048,0.338571429,0.366666667,0.376190476,4.95,5.31,-0.36
2007-05,77.836,76.34,68.61,68.63,51.63,3992973,3159698,63.51,64.48,67.72,666.86,1700.91,927.91,5.25,4.5,563200,567615,250263518,5.11,5.1,5.13,5.22,5.49,8.25,4.746363636,5.47,6.385455,4.909090909,4.693636364,4.667272727,0.200909091,0.406363636,0.462727273,0.473636364,5.04,5.31,-0.27
2007-06,77.836,72.65,69.61,64.66,52.13,3846283,3142884,67.48,66.21,70.62,655.49,1743.6,928.32,5.25,4.5,840530,727977,250223420,5.15,5.24,5.35,5.48,5.64,8.42,5.102857143,5.79,6.697143,4.962380952,4.999047619,5.026190476,0.187619048,0.240952381,0.323809524,0.377142857,5.03,5.33,-0.3
2007-07,78.134,75.05,71.22,66.95,53.23,3794753,3116668,74.05,70.12,76.13,665.3,1933.27,918.85,5.26,4.75,677534,577378,254394044,5.29,5.35,5.43,5.52,5.75,8.51,5.004285714,5.73,6.652381,4.964285714,4.823809524,4.884761905,0.325714286,0.526190476,0.545238095,0.515714286,5.05,5.32,-0.27
2007-08,78.208,75.6,71.9,66.84,53.22,3515831,3298765,72.39,67.34,71.31,665.41,1873.24,933.8,5.02,5,759016,594179,254854592,5.3,5.28,5.33,5.42,5.7,8.42,4.674782609,5.79,6.652174,4.472173913,4.338695652,4.432173913,0.827826087,0.941304348,0.897826087,0.745217391,5.21,5.49,-0.28
2007-09,78.655,69.78,68.14,62,50.63,3212919,2546986,79.63,73.45,76.77,712.65,1946.48,932.41,4.94,5,516764,474010,256848265,5.39,5.39,5.44,5.52,5.85,8.54,4.521578947,5.74,6.592105,4.136842105,4.060526316,4.198947368,1.253157895,1.329473684,1.241052632,0.998421053,5.34,5.46,-0.12
2007-10,78.803,83.99,80.06,73.03,59.28,4224090,3344997,85.93,77.94,82.51,754.6,2064.85,915.86,4.76,5,823463,877537,259689586,5.34,5.42,5.49,5.56,5.98,8.6,4.527727273,5.66,6.479545,4.096818182,4.010909091,4.198181818,1.243181818,1.409090909,1.291818182,1.032272727,5.34,5.08,0.26
2007-11,78.803,86.78,80.9,73.46,59.38,4081465,3252746,94.77,86.47,92.73,806.25,1906,916.98,4.49,5,797568,708328,261471939,5.36,5.54,5.59,5.61,6.16,8.72,4.1485,5.44,6.395,3.499,3.347,3.667,1.861,2.193,1.923,1.4615,5.43,4.97,0.46
2007-12,79.101,86.56,73.92,70.57,53.47,3853754,3176723,91.77,86.26,91.52,803.2,1897.13,930.24,4.24,5,557456,524221,261770734,5.6,5.89,5.9,5.82,6.73,9.16,4.0975,5.49,6.6455,3.263,3.1325,3.4875,2.337,2.7575,2.4125,1.7225,5.73,5.02,0.71
2008-01,79.472,93.24,73.86,75.6,53.83,3656069,3156800,92.98,87.22,92.09,889.6,1624.68,942.39,3.94,5,822661,627192,261421271,5.47,5.44,5.51,5.56,6.64,8.78,3.744285714,5.33,6.540952,2.711428571,2.511428571,2.98047619,2.758571429,2.928571429,2.52952381,1.815714286,5.81,3.84,1.97
2008-02,79.771,84.45,69.26,67.39,50.2,3358817,2921568,95.36,90.07,94.72,922.3,1711.62,944.69,2.98,5,691008,530089,261919949,5,5.06,5.14,5.28,6.27,8.54,3.7375,5.53,6.8235,2.0535,2.188,2.779,2.9465,2.872,2.361,1.5425,5.28,3.06,2.22
2008-03,80.515,95.78,82.18,74.65,58.91,4086718,3289728,105.5,96.37,103.16,968.43,1703.99,979.86,2.61,5,796906,669888,263778314,5.05,5.15,5.2,5.36,6.13,8.54,3.51,5.51,6.8925,1.544,1.7965,2.4835,3.506,3.3535,2.7165,1.85,5.25,2.79,2.46
2008-04,80.962,98.08,84.54,73.41,59.16,4235371,3602862,112.34,103.86,110.03,909.7,1825.47,986.66,2.28,5,746392,664948,260020096,5.06,4.98,5.02,5.17,5.91,8.46,3.675,5.55,6.967273,1.738181818,2.232727273,2.841363636,3.321818182,2.747272727,2.178636364,1.495,5.38,2.85,2.53
2008-05,81.63,98.94,85.03,71.76,58.46,3870188,3529139,125.67,119.32,123.86,888.66,1852.02,1036.73,1.98,5,642629,613914,257672177,5.07,5.28,5.36,5.5,6.22,8.89,3.88,5.57,6.929048,2.055714286,2.68952381,3.153333333,3.014285714,2.59047619,2.206666667,1.62,5.36,2.66,2.7
2008-06,82.151,97.68,84.2,67.38,56.74,4215345,3230840,133.93,128.22,132.76,889.49,1674.92,1029.27,2,5,639915,505271,257584214,5.22,5.7,5.8,5.89,6.68,9.42,4.09952381,5.68,7.07381,2.41952381,3.075238095,3.485238095,2.80047619,2.624761905,2.314761905,1.79047619,5.36,2.76,2.6
2008-07,82.747,110.4,91.76,73.52,60.76,4146699,3736777,133.96,130.08,133.59,939.77,1594.67,1019.12,2.01,5,818650,690815,247011423,5.41,5.96,6.02,6.03,6.99,9.84,4.007727273,5.67,7.159545,2.281818182,2.872727273,3.303181818,3.128181818,3.087272727,2.716818182,2.022272727,5.52,2.79,2.73
2008-08,82.598,104.31,80.78,67.97,53.16,3549423,3326059,116.7,112.62,113.8,839.03,1474.24,1041.54,2,5.25,620523,546313,242700146,5.44,5.77,5.83,5.91,7.11,10,3.885714286,5.64,7.148571,2.177142857,2.699047619,3.141904762,3.262857143,3.070952381,2.688095238,2.024285714,5.77,2.79,2.98
2008-09,82.673,101.18,82.86,69.94,56.54,3833836,3275930,104.44,96.28,98.76,829.93,1448.06,1130.4,1.81,5.25,1030083,934311,239175849,5.48,5.81,5.86,5.99,7.46,10.44,3.686190476,5.65,7.311905,1.912857143,2.315714286,2.884285714,3.567142857,3.494285714,2.975714286,2.303809524,5.79,3.59,2.2
2008-10,82.598,91.42,80.76,67.08,57.45,4434727,3307295,76.28,67.54,71.96,806.62,1113.06,1326.92,0.97,4.25,1147142,951639,211782682,5.2,5.09,5.16,5.53,7.95,11.08,3.814090909,6.28,8.877273,1.420454545,1.864545455,2.726363636,3.779545455,3.225454545,2.433636364,1.715909091,6.03,4.32,1.71
2008-11,82.375,73.32,61.14,60.33,47.37,3498158,2477569,56.97,49.9,52.71,760.86,1076.07,1390.09,0.39,4,784832,666530,199785511,5.03,4.97,5.17,5.73,8.56,11.98,3.526666667,6.12,9.211667,1.066666667,1.514444444,2.291666667,3.963333333,3.455555556,2.878333333,2.203333333,5.62,2.36,3.26
2008-12,82.375,67.84,54.19,62.66,45.29,3491260,2510216,40.64,39.42,40.51,816.09,1124.47,1373.84,0.16,3,545155,516224,200479128,3.99,3.97,4.3,4.87,8.35,12.3,2.416363636,5.05,8.43,0.494545455,1.07,1.521818182,3.495454545,2.9,2.778181818,2.453636364,4.68,1.77,2.91
2009-01,82.45,64.06,45.73,62.38,39.44,2627953,1753806,41.63,43.75,43.17,858.69,1162.11,1346.1,0.15,2.5,465007,444681,201019851,2.72,3.44,3.97,4.42,7.34,11.95,2.5175,5.05,8.1435,0.4445,1.134,1.5965,2.2755,2.306,2.3735,1.9025,3.22,1.02,2.2
2009-02,83.045,57.26,51.85,55.88,45.36,2743835,1976573,39.08,42.13,42.91,943.16,1063.03,1429.46,0.22,2,525912,409885,200826035,2.36,3.78,4.6,5.24,7.07,12.4,2.87,5.27,8.084737,0.622631579,1.368947368,1.871578947,1.737368421,2.411052632,2.728421053,2.37,2.7,1.16,1.54
2009-03,83.64,60.93,58.49,60.63,51.8,2935612,1978422,47.98,44.74,46.58,924.27,1206.26,1461.98,0.18,2,667266,610551,205624409,2.51,3.69,4.49,4.97,6.14,12.12,2.819545455,5.5,8.419545,0.644090909,1.312272727,1.815909091,1.865909091,2.377727273,2.674090909,2.150454545,2.45,1.07,1.38
2009-04,83.862,63.02,62.35,63.37,55.38,3270306,2275284,49.91,48.85,50.52,890.2,1369.36,1341.9,0.15,2,585279,649595,211758382,2.49,3.76,4.43,4.9,5.68,11.81,2.927142857,5.39,8.387619,0.547619048,1.316666667,1.858095238,1.942380952,2.443333333,2.571904762,1.972857143,2.42,0.89,1.53
2009-05,83.862,58.97,59.31,59.09,51.51,2942503,2375288,59.26,57.33,57.5,928.64,1395.89,1258.71,0.18,2,623960,703725,225776925,2.56,3.83,4.53,5.05,5.16,11.43,3.293,5.54,8.0635,0.5015,1.3925,2.134,2.0585,2.4375,2.396,1.757,2.41,0.57,1.84
2009-06,83.788,65.67,65.4,63.81,55.78,3278597,2398052,69.67,67.85,68.58,945.67,1390.07,1261.35,0.21,2,652634,625836,230733885,2.85,4.09,4.72,5.26,5.21,11.4,3.721818182,5.61,7.495,0.513636364,1.759545455,2.705909091,2.336363636,2.330454545,2.014090909,1.538181818,2.41,0.39,2.02
2009-07,84.086,70.35,69.75,65.25,58.59,3286677,2581558,64.21,65.52,64.9,934.23,1557.29,1263.97,0.16,2,506080,630170,236508472,2.75,4.09,4.61,5.18,5.46,11.53,3.562272727,5.41,7.087727,0.478636364,1.548181818,2.462727273,2.271363636,2.541818182,2.147272727,1.617727273,2.41,0.35,2.06
2009-08,84.384,70.3,64.78,65.08,54.03,3143716,2455174,71.06,71.76,72.59,949.38,1591.85,1238.4,0.16,2,510158,593663,240914493,3.14,4.42,4.91,5.44,5.74,11.87,3.587142857,5.26,6.57619,0.459047619,1.648571429,2.570952381,2.680952381,2.771428571,2.339047619,1.852857143,2.48,0.3,2.18
2009-09,84.459,75.51,74.78,67.35,61.15,3387117,2897354,69.4,67.55,67.51,996.59,1673.14,1219.15,0.15,2,629585,732837,249409304,3.44,4.4,4.85,5.38,5.58,11.77,3.401904762,5.13,6.312857,0.404761905,1.477619048,2.369047619,3.035238095,2.922380952,2.480952381,1.978095238,2.64,0.25,2.39
2009-10,84.235,78.17,74.32,69.73,60.87,3190152,2726210,75.82,73.22,72.97,1043.16,1580.69,1175.25,0.12,2,561597,595301,259320280,3.52,4.47,4.91,5.45,5.6,11.8,3.387619048,5.15,6.291905,0.374761905,1.463809524,2.332857143,3.145238095,3.006190476,2.577142857,2.062380952,2.79,0.24,2.55
2009-11,84.384,74.94,74.57,65.32,60.68,3485644,2714512,77.97,77.11,76.94,1127.04,1555.6,1164.23,0.12,2,444929,481738,265954732,3.28,4.32,4.84,5.39,5.43,11.6,3.402631579,5.19,6.319474,0.313157895,1.316315789,2.230526316,2.966842105,3.003684211,2.609473684,1.987368421,2.79,0.21,2.58
2009-12,84.682,84.16,78.8,71.32,63.41,3357742,2907218,74.63,74.66,74.79,1134.72,1682.77,1166.45,0.12,2,412559,469997,265202306,3.3,4.24,4.76,5.31,5.35,11.45,3.59,5.26,6.367727,0.371363636,1.383181818,2.340454545,2.928636364,2.856818182,2.419545455,1.72,2.82,0.22,2.6
2010-01,85.351,81.1,70.94,69.17,56,3057540,2714163,78.42,76.27,76.6,1117.96,1602.43,1138.82,0.11,2,574975,565753,268917449,3.29,4.29,4.84,5.35,5.4,11.47,3.733157895,5.26,6.247895,0.345789474,1.492105263,2.484210526,2.944210526,2.797894737,2.355789474,1.616842105,2.88,0.2,2.68
2010-02,85.523,79.5,69.42,66.78,54.66,3406385,2871250,76.31,73.73,73.9,1095.41,1594.58,1157.08,0.13,2,416407,404347,265865270,3.12,4.19,4.76,5.3,5.32,11.39,3.691052632,5.35,6.341579,0.345789474,1.401052632,2.363684211,2.774210526,2.788947368,2.396315789,1.608947368,2.88,0.19,2.69
2010-03,85.696,91.34,83.67,77.61,65.52,4072584,3724315,81.24,78.16,79.52,1113.34,1692.85,1137.64,0.16,2,496334,591930,267567135,2.83,3.94,4.47,4.92,5.02,11.08,3.727391304,5.27,6.274783,0.395652174,1.505652174,2.433043478,2.434347826,2.434347826,2.036956522,1.192608696,2.83,0.23,2.6
2010-04,86.041,91.02,86.26,75.45,66.57,4338593,3691619,84.5,83.28,85.16,1148.69,1741.56,1117.11,0.2,2,537728,666177,274143774,2.67,3.77,4.44,4.91,4.69,10.75,3.846818182,5.29,6.254545,0.445,1.638181818,2.581363636,2.225,2.131818182,1.858636364,1.063181818,2.51,0.3,2.21
2010-05,86.128,89.18,84.86,72.29,65.63,4157685,3499066,73.84,76.13,76.13,1205.43,1641.25,1163.11,0.2,2,699210,531950,265595927,2.73,3.7,4.41,4.95,4.48,10.54,3.42,4.96,6.051,0.371,1.319,2.18,2.359,2.381,2.23,1.53,2.45,0.45,2
2010-06,86.041,89.38,87.66,72.89,68.67,4466323,3687236,75.35,74.24,75.25,1232.92,1698.29,1212.33,0.18,2,470960,468825,269823186,2.92,3.75,4.41,4.93,4.65,10.62,3.204090909,4.88,6.230455,0.318181818,1.174545455,1.996363636,2.601818182,2.575454545,2.413636364,1.725909091,2.45,0.52,1.93
2010-07,86.214,90.19,88.53,74.72,70.02,4540970,3506441,76.18,73.09,75.2,1192.97,1759.33,1207.3,0.18,2.25,461886,492517,281425964,3.14,3.88,4.45,4.91,4.81,10.75,3.011428571,4.72,6.010952,0.291428571,0.978571429,1.762857143,2.848571429,2.901428571,2.687142857,1.898571429,2.58,0.41,2.17
2010-08,86.647,90.29,83.64,75.02,66.57,4050745,3274563,76.62,74.54,76.89,1215.81,1742.75,1179.92,0.19,2.25,457473,431287,280857511,3.13,3.73,4.27,4.68,4.68,10.62,2.698636364,4.49,5.662727,0.259090909,0.783636364,1.465454545,2.870909091,2.946363636,2.804545455,1.981363636,2.63,0.32,2.31
2010-09,87.337,89.76,85.49,73.12,67.96,4149301,3316216,75.27,75.81,77.94,1270.98,1872.81,1167.01,0.19,2.25,433614,494251,285152504,2.99,3.48,3.91,4.28,4.41,10.36,2.647619048,4.53,5.658095,0.256666667,0.741904762,1.41047619,2.733333333,2.738095238,2.49952381,1.632380952,2.66,0.28,2.38
2010-10,87.337,93.89,94.69,75.51,74.94,4777593,3197839,81.9,80.44,83.34,1342.02,1882.95,1123.45,0.19,2.25,522693,579340,288674448,2.8,3.24,3.66,4.11,4.13,10.14,2.54,4.68,5.7155,0.228,0.5685,1.1825,2.572,2.6715,2.4775,1.57,2.66,0.27,2.39
2010-11,86.906,98.61,93.09,77.62,72.87,4447907,3353671,84.15,83.46,85.8,1369.89,1904.63,1126.2,0.19,2.5,570048,559928,285668556,2.92,3.4,4.03,4.48,4.19,10.27,2.763,4.87,5.922857,0.252,0.674,1.35,2.668,2.726,2.68,1.717,2.73,0.27,2.46
2010-12,87.251,102.52,96.64,79.23,75.03,4350433,3566312,89.37,89.23,91.96,1390.55,2051,1147.55,0.18,2.5,442889,495816,286926356,2.87,3.25,4.02,4.46,4.17,10.21,3.290909091,5.02,6.096364,0.294090909,0.993181818,1.934545455,2.575909091,2.256818182,2.085454545,1.169090909,2.8,0.3,2.5
2011-01,88.288,108.42,92.72,81.76,71.79,4143179,3118615,89.52,92.7,96.95,1356.4,2069.73,1120.07,0.17,2.75,492838,533895,291028707,3.09,3.71,4.3,4.69,4.52,10.52,3.394,5.04,6.088,0.2735,1.0275,1.9945,2.8165,2.6825,2.3055,1.296,2.93,0.29,2.64
2011-02,88.892,94.09,84.29,69.45,63.87,3812274,2967042,89.41,99.66,104.24,1372.73,1939.3,1118.14,0.16,2.75,466205,409940,292722582,3.39,3.94,4.41,4.76,4.72,10.74,3.576315789,5.22,6.147895,0.286315789,1.283157895,2.257894737,3.103684211,2.656842105,2.152105263,1.183684211,3.13,0.28,2.85
2011-03,89.238,117.16,104.67,83.3,77.3,4643162,3910512,102.94,108.04,114.92,1424.01,2106.7,1122.45,0.14,3,515141,538380,293641562,3.42,3.74,4.13,4.51,4.54,10.58,3.414347826,5.13,6.034783,0.259130435,1.174347826,2.113478261,3.160869565,2.565652174,2.016521739,1.095652174,3.35,0.28,3.07
2011-04,89.325,114.1,103.84,78.8,75.37,5094083,3819253,110.15,115.82,123.33,1473.81,2192.36,1086.84,0.1,3,513242,567742,302098558,3.43,3.74,4.1,4.48,4.54,10.58,3.455,5.16,6.023,0.2465,1.21,2.169,3.1835,2.53,1.931,1.025,3.4,0.23,3.17
2011-05,89.497,115.83,103.59,77.31,75.91,5171510,4470666,101.3,108.23,114.93,1510.44,2142.47,1083.54,0.09,3,538338,535750,299530652,3.43,3.66,3.97,4.34,4.44,10.48,3.168571429,4.96,5.781429,0.188095238,0.935238095,1.842380952,3.241904762,2.724761905,2.127619048,1.171428571,3.46,0.21,3.25
2011-06,89.67,114.8,104.71,77.82,77.2,4969269,3917066,96.29,107.43,114.37,1528.66,2100.69,1081.27,0.09,3.25,477350,497211,298902963,3.49,3.65,3.92,4.24,4.4,10.44,3.002272727,4.99,5.751364,0.180909091,0.711363636,1.58,3.309090909,2.938636364,2.34,1.237727273,3.53,0.22,3.31
2011-07,90.102,113.46,106.28,77.25,78.49,4650594,3610226,97.08,110.95,117.48,1572.81,2133.21,1059.5,0.07,3.25,485510,487492,303942058,3.59,3.77,3.98,4.23,4.48,10.47,3.003,4.93,5.7595,0.185,0.68,1.541,3.405,3.09,2.439,1.227,3.59,0.24,3.35
2011-08,90.707,115.33,101.95,78.18,75.62,4322256,4382667,86.33,104.91,110.35,1755.81,1880.11,1073.17,0.1,3.25,743864,651023,305079571,3.5,3.57,3.73,3.96,4.29,10.27,2.303043478,4.37,5.361739,0.114782609,0.383043478,1.021304348,3.385217391,3.186956522,2.708695652,1.656956522,3.59,0.29,3.3
2011-09,90.62,116.71,106.52,79.67,79.55,4794609,3589834,85.65,104.7,111.96,1771.85,1769.65,1118.61,0.08,3.25,499054,465672,296321672,3.41,3.45,3.56,3.75,4.24,10.18,1.975238095,4.09,5.270476,0.104761905,0.353809524,0.90047619,3.305238095,3.096190476,2.65952381,1.774761905,3.58,0.33,3.25
2011-10,90.448,110.21,104.04,75.75,79,4604885,3491612,86.41,103.62,110.43,1665.21,1909.03,1155.45,0.07,3.25,429300,441574,303804804,3.46,3.47,3.6,3.86,4.29,10.22,2.152,3.98,5.3715,0.1145,0.471,1.0615,3.3455,2.999,2.5385,1.708,3.58,0.37,3.21
2011-11,90.534,109.69,104.06,76.81,79.74,5401548,3636085,97.11,106.8,111.16,1738.98,1847.51,1132.31,0.08,3.25,540861,460087,300768346,3.42,3.39,3.53,3.8,4.24,10.09,2.0135,3.87,5.138,0.112,0.3935,0.908,3.308,2.9965,2.622,1.7865,3.56,0.41,3.15
2011-12,90.879,117.19,105.5,81.82,82.11,4600334,3655450,98.57,104.39,108.35,1652.31,1825.74,1147.45,0.07,3.25,442000,423613,298232927,3.4,3.36,3.51,3.81,4.24,10.04,1.978095238,3.93,5.250476,0.115238095,0.387142857,0.891428571,3.284761905,2.972857143,2.618571429,1.831904762,3.55,0.49,3.06
2012-01,91.242,112.49,91.7,79,70.75,4123411,3694734,100.1,108.6,111.42,1656.12,1955.79,1145.85,0.08,3.25,436333,554013,303104309,3.39,3.37,3.5,3.8,4.24,10.04,1.9665,3.85,5.2285,0.115,0.358,0.835,3.275,3.012,2.665,1.8335,3.55,0.4,3.15
2012-02,91.588,115.16,102.5,80.11,78.1,5619301,4143404,102.3,116.68,119.17,1742.62,2030.25,1123.35,0.1,3.25,562333,648110,307475369,3.41,3.43,3.55,3.81,4.25,10.02,1.9675,3.85,5.142,0.161,0.3845,0.831,3.249,3.0455,2.719,1.8425,3.53,0.3,3.23
2012-03,91.614,115.66,105.97,78.86,80.19,5934644,3979383,106.19,122.6,124.7,1673.77,2014.04,1125.9,0.13,3.25,505146,501383,307578126,3.47,3.55,3.69,3.95,4.36,10.09,2.172727273,3.99,5.233182,0.19,0.507727273,1.017272727,3.28,3.042272727,2.672727273,1.777272727,3.54,0.29,3.25
2012-04,91.605,112.96,101.47,75.85,77.18,5307363,3950596,103.33,117.5,120.47,1650.07,1981.99,1135.55,0.14,3.25,461611,464498,308446159,3.45,3.5,3.64,3.9,4.25,9.96,2.052857143,3.96,5.19381,0.183333333,0.431904762,0.894761905,3.266666667,3.068095238,2.745238095,1.847142857,3.54,0.29,3.25
2012-05,91.769,114.7,104.77,78.68,81.34,4726886,3826341,94.53,107.65,110.82,1585.5,1843.47,1154.27,0.16,3.25,551336,508419,302690061,3.37,3.38,3.49,3.75,4.01,9.63,1.803181818,3.8,5.068636,0.191818182,0.388181818,0.761818182,3.178181818,2.991818182,2.728181818,1.946818182,3.54,0.29,3.25
2012-06,91.639,107.67,105.11,76.51,83.3,4977490,3764716,82.4,94.44,95.89,1596.7,1854.01,1165.51,0.16,3.25,460703,454211,304200221,3.29,3.29,3.41,3.63,3.87,9.48,1.622380952,3.64,5.020476,0.189047619,0.389047619,0.711428571,3.100952381,2.900952381,2.698571429,2.007619048,3.54,0.32,3.22
2012-07,91.432,107.69,104.08,79.72,82.41,4692004,3604758,87.92,99.96,102.98,1593.91,1881.99,1143.36,0.16,3,462828,454484,305367829,3.02,3.01,3.12,3.3,3.6,9.18,1.526666667,3.4,4.871905,0.185714286,0.330952381,0.61952381,2.834285714,2.679047619,2.50047619,1.773333333,3.34,0.3,3.04
2012-08,91.855,105.72,98.72,77.46,77.42,4221898,3232145,94.12,108.95,113.78,1626.03,1905.12,1131.69,0.13,3,426796,546572,307524888,2.84,2.83,2.94,3.09,3.4,8.79,1.67826087,3.48,4.907391,0.183478261,0.367826087,0.713913043,2.656521739,2.462173913,2.226086957,1.41173913,3.19,0.26,2.93
2012-09,92.512,109.42,107.32,78.16,83.8,4813842,3276136,94.7,110.85,113.64,1744.45,1996.21,1124.78,0.14,3,474952,530529,312674707,2.85,2.81,2.89,3.05,3.31,8.69,1.723157895,3.49,4.841579,0.175789474,0.338421053,0.668947368,2.674210526,2.471578947,2.221052632,1.326842105,3.14,0.24,2.9
2012-10,92.339,111.61,108.29,78.83,84.69,4438501,3657163,89.6,108.43,111.79,1747.01,1912.06,1106.93,0.16,2.75,519310,499092,314254696,2.81,2.78,2.85,2.97,3.3,8.68,1.746190476,3.47,4.584286,0.17952381,0.369047619,0.708571429,2.63047619,2.410952381,2.141428571,1.223809524,2.93,0.23,2.7
2012-11,92.011,111.99,110.6,80.45,87.14,5113742,3161156,86.72,107.11,109.91,1721.14,1932.9,1087.52,0.16,2.75,555097,531750,316030658,2.79,2.8,2.87,2.99,3.32,8.71,1.654,3.5,4.5105,0.1785,0.355,0.665,2.6115,2.445,2.205,1.336,2.85,0.23,2.62
2012-12,92.175,110.6,102.99,80.41,81.24,4555475,3050430,88.26,106.4,109.57,1688.53,1997.05,1076.97,0.16,2.75,462077,518338,316897731,2.8,2.85,2.98,3.13,3.3,8.79,1.719,3.65,4.6275,0.1585,0.354,0.696,2.6415,2.496,2.284,1.411,2.88,0.24,2.64
2013-01,92.728,116.57,104.6,84.74,81.81,4960892,3570689,94.73,108.19,112.53,1670.95,1961.94,1065.35,0.14,2.75,585762,560313,318870415,2.72,2.75,2.86,3.05,3.2,8.72,1.914761905,3.8,4.734286,0.145238095,0.39047619,0.805238095,2.574761905,2.35952381,2.054761905,1.135238095,2.86,0.23,2.63
2013-02,93.038,104.12,97.15,75.42,75.63,5002518,3165203,95.31,111.12,116.49,1627.59,2026.49,1086.68,0.15,2.75,468361,489429,316429576,2.68,2.7,2.83,3.04,3.06,8.66,1.984210526,3.9,4.846842,0.157368421,0.398421053,0.846315789,2.522631579,2.301578947,1.983684211,1.055789474,2.83,0.22,2.61
2013-03,92.952,112.37,107.8,81.05,84.37,4978892,3731577,93.2,105.7,109.59,1592.86,2004.89,1102.2,0.14,2.75,521615,487699,316534552,2.6,2.6,2.69,2.91,2.95,8.55,1.9575,3.93,4.8545,0.1475,0.386,0.8185,2.4525,2.214,1.8715,0.9525,2.81,0.21,2.6
2013-04,92.823,112.51,106.82,82.87,84.54,5347295,3571762,92.07,101.5,102.96,1485.08,1963.95,1121.83,0.15,2.75,576472,560363,317897005,2.58,2.55,2.63,2.84,2.91,8.53,1.759090909,3.73,4.590909,0.124545455,0.340454545,0.710454545,2.455454545,2.209545455,1.919545455,1.080909091,2.8,0.2,2.6
2013-05,92.823,108.73,111.53,81.29,88.45,5744405,3539271,94.77,100.52,102.98,1413.5,2001.05,1110.67,0.11,2.5,545939,568458,317380247,2.59,2.59,2.68,2.9,2.96,8.59,1.928181818,3.89,4.725909,0.118636364,0.395909091,0.840909091,2.471363636,2.194090909,1.839090909,0.971818182,2.72,0.2,2.52
2013-06,92.71,104.67,103.11,78.78,81.57,5292652,3265592,95.77,100.39,103.36,1342.36,1863.32,1135.21,0.09,2.5,552986,504015,315600728,2.66,2.87,3.08,3.31,3.24,8.87,2.3,4.27,5.19,0.142,0.577,1.2035,2.518,2.293,1.8765,1.01,2.69,0.19,2.5
2013-07,92.909,111.46,105.72,84.24,83.71,5153831,3610812,104.43,103.83,107.78,1286.72,1914.03,1127.23,0.09,2.5,468594,485732,318890987,2.66,2.91,3.18,3.47,3.38,9.02,2.582272727,4.34,5.322727,0.121818182,0.644090909,1.403181818,2.538181818,2.265909091,1.776818182,0.887727273,2.68,0.14,2.54
2013-08,93.238,106.73,104.56,80.38,82.96,4973463,3210965,106.44,107.07,111.06,1347.1,1926.36,1116.98,0.08,2.5,430952,432726,320268934,2.66,2.94,3.26,3.61,3.33,9.02,2.737272727,4.54,5.424545,0.126818182,0.704545455,1.520454545,2.533181818,2.235454545,1.739545455,0.872727273,2.66,0.12,2.54
2013-09,93.419,106.38,102.72,79.17,81.18,4733799,3177855,106.4,108.07,111.96,1348.8,1996.96,1087.35,0.08,2.5,380950,504257,326108224,2.67,2.9,3.17,3.53,3.29,8.99,2.8095,4.64,5.4655,0.1185,0.7795,1.596,2.5515,2.1205,1.574,0.7205,2.66,0.11,2.55
2013-10,93.134,117.1,115.57,86.84,91.39,5465244,3508988,100.56,106.87,109.62,1316.18,2030.09,1066.8,0.09,2.5,449965,532536,332411299,2.66,2.83,3.08,3.44,3.25,8.96,2.615909091,4.53,5.308182,0.121363636,0.627727273,1.366818182,2.538636364,2.202272727,1.713181818,0.824090909,2.66,0.12,2.54
2013-11,93.116,111.24,110.98,83.03,87.96,5247925,3401510,93.85,106.06,108.15,1275.82,2044.87,1062.82,0.08,2.5,485224,471096,334262159,2.705,2.936,3.237,3.584,3.366,9.066,2.718421053,4.63,5.383684,0.121578947,0.58,1.371052632,2.583421053,2.356,1.865947368,0.865578947,2.65,0.12,2.53
2013-12,93.229,114.14,107.33,85.19,84.86,5151571,3757690,97.89,107.93,111.07,1225.4,2011.34,1056.67,0.09,2.5,436747,399654,335647450,2.685,2.941,3.299,3.653,3.36,9.058,2.901904762,4.62,5.384286,0.132857143,0.685238095,1.576190476,2.552142857,2.255761905,1.722809524,0.751095238,2.65,0.14,2.51
2014-01,93.73,115.7,104.12,85.41,82.81,4856162,3617783,94.96,103.77,107.93,1244.8,1941.15,1064.75,0.07,2.5,468369,437084,337588725,2.657,2.892,3.258,3.647,3.319,9.019,2.858095238,4.49,5.192857,0.116190476,0.77952381,1.646666667,2.540809524,2.11247619,1.611333333,0.788904762,2.65,0.12,2.53
2014-02,93.98,108.77,99.33,81.13,79.04,4664001,3928296,100.71,105.26,108.84,1300.98,1979.99,1071.3,0.07,2.5,473614,446148,341001159,2.64,2.854,3.161,3.522,3.28,8.974,2.709473684,4.45,5.099474,0.116842105,0.688421053,1.515789474,2.523157895,2.165578947,1.645210526,0.812526316,2.65,0.13,2.52
2014-03,94.153,117.37,112.33,87.45,89.63,5814182,3954447,100.57,104.34,107.87,1336.08,1985.61,1070.89,0.08,2.5,495965,474585,343612737,2.659,2.874,3.169,3.543,3.303,8.994,2.723333333,4.38,5.064286,0.128095238,0.816666667,1.63952381,2.530904762,2.057333333,1.52947619,0.819666667,2.65,0.12,2.53
2014-04,94.214,118.19,115.24,88.57,92.24,6376334,4134307,102.18,104.82,108,1299,1961.79,1044.55,0.09,2.5,476155,512660,345021964,2.653,2.875,3.168,3.54,3.303,8.998,2.705238095,4.24,4.904286,0.107619048,0.884761905,1.700952381,2.545380952,1.990238095,1.467047619,0.834761905,2.65,0.12,2.53
2014-05,94.369,109.2,107.79,81.86,86.13,6058691,3708716,102,105.53,109.83,1287.53,1994.96,1024.99,0.09,2.5,471062,494662,350184986,2.641,2.838,3.082,3.402,3.264,8.957,2.559047619,4.16,4.762857,0.096666667,0.826190476,1.592857143,2.544333333,2.011809524,1.489142857,0.842952381,2.65,0.11,2.54
2014-06,94.248,107.89,105.38,80.7,83.95,6086844,3650298,105.23,108.17,112.24,1279.1,2002.21,1019.36,0.1,2.5,451181,473590,355764147,2.602,2.746,2.972,3.286,3.168,8.863,2.598571429,4.25,4.798571,0.104761905,0.904761905,1.679047619,2.497238095,1.841238095,1.292952381,0.687428571,2.65,0.11,2.54
2014-07,94.386,116.64,112.49,86.72,89.3,6102798,3874495,102.95,105.96,107.46,1310.97,2076.12,1019.93,0.09,2.5,519878,568538,357302467,2.488,2.558,2.765,3.056,2.97,8.668,2.542272727,4.16,4.734545,0.111363636,0.973636364,1.699545455,2.376636364,1.584363636,1.065454545,0.513727273,2.65,0.13,2.52
2014-08,94.551,110.66,104.32,82.74,82.86,5318312,3333578,96.32,101.61,102.4,1295.99,2068.54,1025.36,0.09,2.25,521604,561229,356905661,2.389,2.54,2.773,3.086,2.926,8.65,2.42,4.08,4.690476,0.107142857,0.927619048,1.631428571,2.281857143,1.612380952,1.141571429,0.666,2.52,0.13,2.39
2014-09,94.49,113.38,108.08,86.06,86.5,5664961,3973898,93.27,96.38,97.85,1238.82,2020.09,1033.24,0.09,2.25,517369,516018,353970030,2.277,2.405,2.649,3.012,2.786,8.533,2.534285714,4.11,4.802381,0.10952381,1.050952381,1.773809524,2.16747619,1.354047619,0.875190476,0.477714286,2.35,0.12,2.23
2014-10,94.205,113.86,115.17,88.14,93.83,6798528,3729272,84.41,86.38,87.58,1222.49,1964.43,1060.28,0.09,2,676092,644224,353363934,2.134,2.239,2.42,2.769,2.595,8.348,2.304090909,3.92,4.687727,0.104545455,0.875,1.545909091,2.029454545,1.364,0.874090909,0.464909091,2.21,0.12,2.09
2014-11,94.015,105.99,107.37,85.32,89.07,6304664,3499330,75.71,76.12,79.23,1176.3,1980.78,1095.1,0.09,2,585613,590210,352801605,2.047,2.138,2.325,2.692,2.466,8.256,2.325555556,3.92,4.785,0.134444444,0.962777778,1.620555556,1.912555556,1.175222222,0.704444444,0.366444444,2.14,0.13,2.01
2014-12,94.006,112.7,111.5,94.61,95.47,6239395,3878834,59.14,59.83,62.9,1202.29,1915.59,1104.33,0.12,2,569173,586879,353600472,2.072,2.143,2.337,2.681,2.46,8.286,2.207272727,3.79,4.737727,0.214545455,1.064090909,1.64,1.857454545,1.078909091,0.697,0.473727273,2.13,0.15,1.98
2015-01,94.643,101.11,99.42,89.7,87.5,5561545,3625062,47.56,46.49,48.93,1251.85,1949.26,1088.86,0.11,2,570495,568239,352337447,1.995,2.039,2.158,2.415,2.356,8.209,1.8815,3.46,4.4545,0.1955,0.897,1.3745,1.7995,1.142,0.7835,0.5335,2.13,0.16,1.97
2015-02,94.587,87.16,87.92,80.83,77.35,5021264,2998216,50.86,55.92,58.25,1227.19,1985.8,1098.4,0.11,2,497796,511910,352502108,1.981,2.024,2.116,2.346,2.3,8.191,1.975263158,3.61,4.506842,0.224210526,0.991578947,1.472631579,1.756789474,1.032421053,0.643368421,0.370736842,2.12,0.15,1.97
2015-03,94.596,98.82,105.55,90.84,93.39,6795064,4055574,47.78,54.32,56.52,1178.63,2041.03,1112.57,0.11,1.75,662516,714346,353332770,1.838,1.865,1.969,2.276,2.128,8.027,2.042727273,3.64,4.539091,0.253636364,1.016818182,1.519090909,1.584363636,0.848181818,0.449909091,0.233272727,1.95,0.14,1.81
2015-04,94.625,97.78,105.32,90.5,93.18,6204676,3842049,54.38,58.43,59.83,1197.91,2127.17,1088.66,0.12,1.75,825614,895802,360481327,1.703,1.739,1.857,2.177,1.988,7.888,1.935,3.52,4.484091,0.233636364,0.865454545,1.354545455,1.469363636,0.873545455,0.502454545,0.242,1.81,0.13,1.68
2015-05,94.89,91.25,97.74,84.81,85.87,5623941,3529283,59.39,63.18,65.19,1199.05,2114.8,1091.27,0.12,1.75,693641,678322,362109803,1.746,1.875,2.11,2.49,2.115,8.025,2.1975,3.98,4.8885,0.241,0.977,1.5385,1.505,0.898,0.5715,0.2925,1.8,0.15,1.65
2015-06,94.909,92.63,102.84,85.9,90.74,6503944,3824376,59.83,61.8,62.62,1181.5,2074.2,1112.2,0.13,1.5,848139,784266,364976561,1.63,1.773,2.04,2.468,2.012,7.923,2.363636364,4.19,5.125455,0.275454545,1.065,1.683636364,1.354545455,0.708,0.356363636,0.104363636,1.7,0.18,1.52
2015-07,95.08,97.52,102.62,91.81,92.27,6184652,4098111,51.2,55.99,56.83,1130.04,2030.16,1143.22,0.13,1.5,871977,806610,361136634,1.597,1.777,2.048,2.45,2.001,7.919,2.324545455,4.15,5.201818,0.296818182,1.026363636,1.632272727,1.300181818,0.750636364,0.415727273,0.125454545,1.65,0.19,1.46
2015-08,95.213,88.66,91.2,85.79,84.05,5059167,3825994,42.91,47.98,47.53,1117.48,1941.49,1179.1,0.14,1.5,852864,761545,358156216,1.582,1.735,1.946,2.308,1.98,7.909,2.167142857,4.04,5.188095,0.375714286,1.03,1.541428571,1.206285714,0.705,0.404571429,0.140857143,1.64,0.26,1.38
2015-09,94.966,87.2,99.41,86.95,92.95,5464307,3278478,45.51,45.19,48.03,1124.53,1962.81,1184.76,0.14,1.5,643510,632566,358418535,1.553,1.651,1.846,2.216,1.946,7.872,2.172857143,4.07,5.340952,0.373333333,1.013333333,1.49,1.179666667,0.637666667,0.356,0.043142857,1.6,0.27,1.33
2015-10,94.966,92.97,101.64,93.49,95.9,6011443,3997752,46.27,45.86,48.91,1159.25,2029.47,1148.18,0.12,1.5,674977,679121,359937704,1.546,1.627,1.784,2.088,1.962,7.894,2.07,3.95,5.341429,0.263333333,0.926666667,1.385714286,1.282666667,0.700333333,0.398285714,0.018,1.58,0.25,1.33
2015-11,94.786,86.81,93.83,87.68,89.52,5519655,3357784,42.59,41.6,45.1,1085.7,1991.97,1151.97,0.12,1.5,695598,680901,358868773,1.631,1.752,1.945,2.254,2.118,8.064,2.263157895,4.06,5.457895,0.476842105,1.204210526,1.671052632,1.154157895,0.547789474,0.273947368,-0.009157895,1.59,0.3,1.29
2015-12,95.07,90.21,96.93,92.68,94.19,5882444,3591751,37.4,34.14,38.53,1068.25,1961.31,1172.24,0.24,1.5,647487,604432,358513845,1.635,1.719,1.902,2.181,2.143,8.085,2.242727273,3.97,5.455,0.653636364,1.280454545,1.698636364,0.981363636,0.438545455,0.203363636,-0.061727273,1.67,0.54,1.13
2016-01,95.232,79.66,81.45,84.01,80.85,5040734,3328091,31.78,27.46,32.05,1097.38,1912.06,1201.67,0.34,1.5,751301,670493,357860408,1.587,1.628,1.772,2.025,2.091,8.033,2.085263158,4,5.447895,0.543157895,1.14,1.518421053,1.043842105,0.488,0.253578947,-0.060263158,1.67,0.57,1.1
2016-02,95.64,74.6,80.77,81.27,80.93,5222510,3057982,30.38,29.67,33.76,1199.91,1916.66,1217.35,0.38,1.5,628236,629166,356745942,1.469,1.474,1.586,1.826,1.95,7.901,1.7795,3.96,5.3385,0.534,0.8965,1.222,0.935,0.5775,0.364,0.0465,1.64,0.54,1.1
2016-03,95.393,85.17,96.71,92.62,95.97,6544965,3794193,37.9,35.45,39.79,1246.34,1995.85,1188.21,0.36,1.5,680801,786124,360825491,1.507,1.498,1.611,1.854,1.979,7.952,1.889090909,3.82,5.133636,0.656363636,1.038181818,1.375909091,0.850636364,0.459818182,0.235090909,-0.035090909,1.63,0.55,1.08
2016-04,95.573,82.98,91.21,88.23,90.1,5823758,3305402,41.03,39.32,43.33,1242.26,1994.15,1147.51,0.37,1.5,648460,698089,363450086,1.493,1.468,1.569,1.81,1.94,7.936,1.805238095,3.62,4.785238,0.555714286,0.918571429,1.258095238,0.937285714,0.549428571,0.310904762,0.004761905,1.61,0.55,1.06
2016-05,95.63,83.02,92.34,87.18,90.67,5669350,3887886,46.84,44.35,47.74,1259.4,1983.4,1171.51,0.37,1.5,740919,695808,361728534,1.48,1.455,1.551,1.787,1.91,7.94,1.806190476,3.65,4.676667,0.591428571,0.971904762,1.30047619,0.888571429,0.483095238,0.25052381,-0.019190476,1.58,0.57,1.01
2016-06,95.611,84.97,95.91,88.17,93.93,6053159,3834102,48.79,46.32,49.88,1276.4,1970.35,1170.5,0.38,1.25,817987,819037,360752001,1.361,1.334,1.406,1.617,1.789,7.833,1.644090909,3.5,4.525,0.552272727,0.860454545,1.166363636,0.808727273,0.473545455,0.239636364,-0.027090909,1.43,0.55,0.88
2016-07,95.431,84.62,94.62,87.17,92.67,5290588,3452905,44.9,42.44,46.6,1337.33,2016.19,1144.09,0.39,1.25,588710,669724,362248177,1.26,1.218,1.246,1.401,1.65,7.721,1.504,3.28,4.2185,0.5135,0.7945,1.0715,0.7465,0.4235,0.1745,-0.103,1.36,0.62,0.74
2016-08,95.677,89.36,89.97,92.19,87.26,4818513,3642084,44.75,43.97,47.05,1341.09,2034.65,1111.68,0.4,1.25,640684,671567,366306387,1.265,1.238,1.264,1.417,1.645,7.725,1.556521739,3.32,4.240435,0.56826087,0.853913043,1.133043478,0.69673913,0.384086957,0.130956522,-0.139521739,1.35,0.73,0.62
2016-09,96.247,86.84,94.3,88.99,90.36,5132438,3415793,45.2,43.68,47.38,1326.03,2043.63,1107.49,0.4,1.25,602714,628954,368589918,1.322,1.312,1.353,1.512,1.704,7.791,1.63047619,3.41,4.311429,0.593333333,0.897619048,1.178095238,0.728666667,0.414380952,0.174904762,-0.11847619,1.34,0.75,0.59
2016-10,96.379,89.16,96.5,90.88,90.67,5401982,3557050,49.81,48.8,51.41,1266.57,2008.19,1125.28,0.4,1.25,602862,626604,366069533,1.369,1.361,1.412,1.596,1.781,7.87,1.7645,3.51,4.3765,0.6595,0.989,1.272,0.7095,0.372,0.14,-0.1685,1.35,0.72,0.63
2016-11,96.237,94.66,101.58,94.3,95.08,5723086,3752768,45.47,44.04,46.94,1235.98,1983.48,1161.64,0.41,1.25,774370,772249,362543891,1.511,1.609,1.739,1.965,2.021,8.128,2.142,3.86,4.708,0.736,1.2195,1.596,0.775,0.3895,0.143,-0.177,1.42,0.71,0.71
2016-12,96.342,96.78,104.74,96.73,96.75,5741228,4187673,52.05,52.14,55.02,1151.4,2026.46,1182.28,0.54,1.25,587186,632503,361701404,1.576,1.692,1.873,2.159,2.162,8.281,2.491904762,4.06,4.827143,0.866190476,1.494761905,1.959047619,0.709809524,0.197238095,-0.086047619,-0.332904762,1.54,0.87,0.67
2017-01,97.366,96.35,93.07,93.21,85.44,4940101,3969132,52.56,53.57,55.71,1192.62,2067.57,1185.1,0.65,1.25,588584,640697,364576158,1.496,1.643,1.821,2.111,2.104,8.281,2.4325,3.92,4.6605,0.8255,1.479,1.9165,0.6705,0.164,-0.0955,-0.3215,1.5,0.9,0.6
2017-02,97.632,92.9,98.64,88.4,88.82,5312453,3754033,53.45,54.3,56.1,1234.36,2091.64,1144.92,0.66,1.25,707955,715389,364453419,1.465,1.665,1.861,2.163,2.13,8.331,2.418947368,3.95,4.641053,0.820526316,1.472105263,1.901578947,0.644473684,0.192894737,-0.040578947,-0.255947368,1.49,0.87,0.62
2017-03,97.565,109.29,111.45,102.98,100.29,6200928,4411901,49.36,51.02,52.66,1231.09,2160.23,1134.77,0.79,1.25,780519,865190,365826297,1.485,1.709,1.909,2.221,2.208,8.413,2.48173913,4.01,4.681739,1.010434783,1.585652174,2.013478261,0.474565217,0.123347826,-0.104478261,-0.26073913,1.48,0.98,0.5
2017-04,97.442,96.85,105.41,92.22,94.1,6035663,4390391,51.17,52.55,53.98,1265.63,2205.44,1132.73,0.9,1.25,694553,715433,367083534,1.467,1.678,1.859,2.182,2.195,8.411,2.297368421,3.87,4.569474,1.042105263,1.442105263,1.824210526,0.424894737,0.235894737,0.034789474,-0.115368421,1.43,1.03,0.4
2017-05,97.546,100.71,102.57,95.35,91.92,5523902,4703319,48.56,50.13,51.37,1245,2347.38,1125.28,0.91,1.25,847101,910440,368925892,1.464,1.69,1.906,2.257,2.216,8.443,2.303636364,3.85,4.549545,1.122727273,1.483636364,1.836818182,0.341272727,0.206363636,0.069181818,-0.046636364,1.39,1.05,0.34
2017-06,97.338,103.45,106.43,98.8,96.13,5980992,4806054,45.19,46.36,47.65,1260.26,2391.79,1130.04,1.04,1.25,863614,897795,371026348,1.461,1.673,1.864,2.165,2.208,8.444,2.186818182,3.68,4.37,1.200909091,1.486363636,1.774090909,0.260090909,0.186636364,0.089909091,-0.021818182,1.38,1.16,0.22
2017-07,97.499,98.92,103.24,96.1,92.77,5660934,4082845,46.58,47.79,49.25,1236.22,2402.71,1134.4,1.15,1.25,741445,782188,373938120,1.464,1.74,1.942,2.252,2.278,8.52,2.318,3.7,4.3895,1.2235,1.544,1.872,0.2405,0.196,0.07,-0.066,1.39,1.22,0.17
2017-08,98.058,103.91,106.1,100.76,94.74,5952844,4544311,48.05,50.27,51.93,1282.32,2363.19,1130.79,1.16,1.25,818713,834698,374970930,1.471,1.78,1.987,2.287,2.32,8.565,2.209130435,3.63,4.31,1.229130435,1.47826087,1.776521739,0.241869565,0.30173913,0.210478261,0.077869565,1.39,1.25,0.14
2017-09,98.172,107.59,122.38,102.47,108.09,6597924,4077686,49.74,53.92,55.56,1314.98,2394.47,1131.59,1.15,1.25,830349,810095,374836165,1.481,1.785,1.989,2.286,2.333,8.576,2.202,3.63,4.3035,1.28,1.513,1.7975,0.201,0.272,0.1915,0.084,1.38,1.25,0.13
2017-10,98.077,98.01,101.51,91.78,88.89,4726842,3448257,51.57,55.77,57.54,1279.51,2523.43,1131.57,1.15,1.25,608551,627336,374692523,1.654,2.026,2.247,2.455,2.574,8.823,2.36,3.6,4.316818,1.397619048,1.682857143,1.980952381,0.256380952,0.343142857,0.266047619,0.095,1.38,1.26,0.12
2017-11,97.347,108.33,119.11,100.34,103.42,6381591,4194796,56.74,60.59,62.84,1282.28,2476.37,1105.04,1.16,1.5,923634,931956,377544543,1.787,2.15,2.355,2.54,2.709,8.959,2.353333333,3.57,4.2665,1.56,1.807619048,2.05,0.227,0.342380952,0.305,0.186666667,1.45,1.32,0.13
2017-12,97.698,112.36,113.47,101.72,98.34,5295553,4366640,57.92,61.38,64.06,1261.26,2467.49,1085.78,1.3,1.5,766089,746622,379476576,1.833,2.1,2.298,2.472,2.649,8.909,2.4025,3.51,4.2235,1.7005,1.955,2.182,0.1325,0.145,0.116,0.0695,1.66,1.54,0.12
2018-01,98.106,118.18,114.23,105.65,97.99,5159691,4930570,63.58,66.02,68.89,1331.67,2566.46,1066.7,1.41,1.5,935474,1120190,385895553,1.839,2.19,2.444,2.626,2.722,8.985,2.583809524,3.55,4.25619,1.802857143,2.146666667,2.381904762,0.036142857,0.043333333,0.062095238,0.042190476,1.66,1.63,0.03
2018-02,98.855,106.99,102.48,93.55,87.86,4682548,4528135,62.23,62.63,65.7,1331.53,2427.36,1079.58,1.42,1.5,901928,863683,384951294,1.851,2.277,2.537,2.77,2.815,9.051,2.858947368,3.82,4.508947,1.963684211,2.356315789,2.599473684,-0.112684211,-0.079315789,-0.062473684,-0.088947368,1.65,1.78,-0.13
2018-03,98.751,114.89,120.21,101.06,103.07,6078616,5207431,62.83,63.92,66.89,1324.66,2445.85,1071.89,1.51,1.5,956464,921800,386902803,1.875,2.271,2.501,2.708,2.831,9.051,2.842380952,3.87,4.64,2.062857143,2.421904762,2.62952381,-0.187857143,-0.150904762,-0.12852381,-0.134380952,1.65,2.08,-0.43
2018-04,98.931,112.88,116.91,99.27,99.72,5942114,4757057,66.31,68.67,71.93,1334.74,2515.38,1067.76,1.69,1.5,1049839,1079264,388627503,1.873,2.192,2.436,2.655,2.794,9.013,2.869047619,3.85,4.669048,2.153809524,2.522380952,2.701904762,-0.280809524,-0.330380952,-0.265904762,-0.214047619,1.65,2.2,-0.55
2018-05,98.979,114.8,121.64,98.25,102.78,6153033,4822091,69.9,74.08,76.93,1303.03,2423.01,1076.39,1.7,1.5,1586659,1569166,389269623,1.887,2.25,2.532,2.757,2.86,9.073,2.977727273,4,4.825455,2.273636364,2.657272727,2.816818182,-0.386636364,-0.407272727,-0.284818182,-0.220727273,1.65,2.16,-0.51
2018-06,98.779,115.7,121.05,97.28,102.81,6421518,4788171,67.88,73.31,75.8,1281.57,2326.13,1092.8,1.82,1.5,1279757,1199998,390334499,1.851,2.175,2.442,2.656,2.805,9.016,2.912380952,3.96,4.834762,2.328095238,2.645238095,2.775714286,-0.477095238,-0.470238095,-0.333714286,-0.256380952,1.65,2.19,-0.54
2018-07,98.59,114.84,120.82,96.82,102.55,6151681,4904394,71.07,72.77,75.23,1238.53,2295.26,1122.8,1.91,1.5,1088980,1090147,392182545,1.842,2.097,2.338,2.549,2.75,8.957,2.889047619,3.87,4.791429,2.387619048,2.695714286,2.777619048,-0.545619048,-0.598714286,-0.439619048,-0.340047619,1.65,2.17,-0.52
2018-08,99.462,113.73,122.18,96.28,103.72,6048102,4832945,67.93,72.59,73.85,1201.25,2322.88,1121.15,1.91,1.5,870084,950378,390894325,1.83,2.019,2.242,2.458,2.656,8.846,2.889130435,3.88,4.766087,2.445652174,2.709565217,2.767826087,-0.615652174,-0.690565217,-0.525826087,-0.431130435,1.65,2.19,-0.54
2018-09,100.221,105.71,119.68,89.77,101.3,5821081,4347494,70.19,76.93,79.16,1198.47,2343.07,1120.6,1.95,1.5,792249,803411,392778804,1.79,1.953,2.128,2.315,2.403,8.476,3.004210526,3.98,4.883684,2.557894737,2.837368421,2.893684211,-0.767894737,-0.884368421,-0.765684211,-0.689210526,1.65,2.24,-0.59
2018-10,100.041,125.16,129.67,104.69,109.95,6980164,5587854,70.75,78.76,80.78,1215.39,2029.69,1130.81,2.19,1.5,1104143,1091707,392490527,1.853,2.01,2.164,2.338,2.452,8.515,3.152272727,4.14,5.066087,2.651818182,2.935909091,3.000454545,-0.798818182,-0.925909091,-0.836454545,-0.814272727,1.68,2.37,-0.69
2018-11,99.33,120.35,120.19,99.93,104.09,6840971,4878622,56.19,64.69,66.23,1220.95,2096.86,1128.58,2.2,1.75,1116264,1121874,392777742,1.844,1.94,2.048,2.209,2.403,8.454,3.117,4.22,5.224,2.6985,2.9075,2.947,-0.8545,-0.9675,-0.899,-0.908,1.71,2.56,-0.85
2018-12,98.988,112.81,109.28,98.32,97.01,6440415,5283548,48.92,55.67,57.95,1247.92,2041.04,1122.9,2.27,1.75,923756,924230,393332482,1.776,1.825,1.893,1.992,2.304,8.373,2.832631579,4.02,5.133684,2.655263158,2.671578947,2.681578947,-0.879263158,-0.846578947,-0.788578947,-0.840631579,1.91,2.69,-0.78
2019-01,98.884,116.44,108.17,104.45,97.87,6209466,5290688,51.23,59.16,59.94,1291.75,2204.85,1122,2.4,1.75,1021412,1141976,395148850,1.733,1.807,1.879,1.991,2.263,8.343,2.713809524,3.93,5.12,2.57952381,2.520952381,2.536190476,-0.84652381,-0.713952381,-0.657190476,-0.722809524,1.87,2.59,-0.72
2019-02,99.311,94.85,93.06,85.32,84.33,5442457,4371194,55,64.55,64.38,1320.07,2195.44,1122.45,2.4,1.75,857260,844183,394316487,1.76,1.802,1.869,1.988,2.249,8.329,2.676315789,3.79,4.947368,2.549473684,2.481578947,2.487894737,-0.789473684,-0.679578947,-0.618894737,-0.688315789,1.87,2.49,-0.62
2019-03,99.121,107.1,109.55,94.76,99.53,6319152,5022184,58.17,66.95,66.94,1300.9,2140.67,1130.72,2.41,1.75,930013,940687,394770385,1.769,1.789,1.838,1.953,2.244,8.318,2.570952381,3.77,4.835714,2.490952381,2.366190476,2.372857143,-0.721952381,-0.577190476,-0.534857143,-0.617952381,1.9,2.48,-0.58
2019-04,99.481,115.32,111.99,101.48,101.89,6158443,5585755,63.87,70.94,71.48,1286.45,2203.59,1140.95,2.42,1.75,911913,970422,393536122,1.751,1.736,1.771,1.889,2.207,8.28,2.532380952,3.69,4.703333,2.424761905,2.308571429,2.333333333,-0.673761905,-0.572571429,-0.562333333,-0.643380952,1.86,2.47,-0.61
2019-05,99.652,111.48,108.19,97.3,99.23,6500301,5512696,60.74,68.67,70.39,1283.95,2041.74,1183.29,2.39,1.75,1268337,1199150,391495228,1.711,1.679,1.716,1.828,2.153,8.224,2.395,3.67,4.628182,2.340454545,2.162727273,2.187727273,-0.629454545,-0.483727273,-0.471727273,-0.567,1.84,2.44,-0.6
2019-06,99.491,103.26,102.12,90.9,95.23,6249176,4671519,54.67,60.92,63.21,1359.04,2130.62,1175.62,2.38,1.75,999229,1021244,392327320,1.56,1.496,1.53,1.618,2.004,8.097,2.074,3.42,4.4605,1.995,1.775,1.825,-0.435,-0.279,-0.295,-0.456,1.8,2.3,-0.5
2019-07,99.187,111.8,108.6,101.28,101.95,6113230,5383261,57.38,62.86,64.32,1412.98,2024.55,1175.31,2.4,1.5,1120713,1125162,392258292,1.478,1.382,1.421,1.506,1.885,7.989,2.059090909,3.29,4.279091,1.962272727,1.798636364,1.828181818,-0.484272727,-0.416636364,-0.407181818,-0.553090909,1.68,2.22,-0.54
2019-08,99.425,108.39,102.84,97.83,97.58,5619803,5175083,54.83,58.5,59.62,1498.8,1967.79,1208.98,2.13,1.5,1293927,1216307,390647791,1.186,1.164,1.201,1.254,1.689,7.791,1.626363636,2.98,3.873636,1.772272727,1.506818182,1.486818182,-0.586272727,-0.342818182,-0.285818182,-0.372363636,1.49,2.06,-0.57
2019-09,99.794,99.69,104.26,91.23,99.05,5690676,4758785,56.86,60.86,62.43,1511.31,2063.05,1197.55,2.04,1.5,948685,940905,392518896,1.228,1.287,1.353,1.42,1.792,7.894,1.6995,3.03,3.9145,1.796,1.5885,1.565,-0.568,-0.3015,-0.212,-0.2795,1.54,2.03,-0.49
2019-10,100.041,107.22,109.34,97.99,104.79,6357758,4963127,53.96,58.86,59.63,1494.8,2083.48,1184.13,1.83,1.25,1082177,1035519,395485316,1.298,1.357,1.442,1.577,1.861,7.97,1.706818182,3.01,3.925,1.608181818,1.528181818,1.525,-0.310181818,-0.171181818,-0.083,-0.129818182,1.46,1.88,-0.42
2019-11,99.481,103.93,105.2,95.71,101.45,6265034,5273129,56.68,61.22,62.69,1470.02,2087.96,1167.45,1.55,1.25,1213399,1108053,396674028,1.386,1.492,1.593,1.75,2.002,8.112,1.812105263,3.06,3.941053,1.567894737,1.612105263,1.639473684,-0.181894737,-0.120105263,-0.046473684,-0.062105263,1.52,1.77,-0.25
2019-12,99.719,111.7,108.23,102.97,104.47,6418400,5871143,59.87,64.45,65.35,1476.04,2197.67,1175.84,1.55,1.25,1132933,1142365,397876077,1.35,1.39,1.481,1.653,1.948,8.059,1.862857143,3.01,3.878571,1.549047619,1.633809524,1.682380952,-0.199047619,-0.243809524,-0.201380952,-0.209857143,1.53,1.76,-0.23
2020-01,100.09,109.72,97.78,100.21,94.82,5740347,5577076,57.72,63.13,63.9,1560.67,2119.01,1164.28,1.55,1.25,1364161,1286949,398743181,1.316,1.373,1.479,1.656,1.955,8.068,1.757619048,2.94,3.771905,1.532857143,1.518095238,1.562380952,-0.216857143,-0.145095238,-0.083380952,-0.101619048,1.47,1.65,-0.18
2020-02,100.16,94.8,96.15,86.52,93.99,5931572,5435012,50.61,54.05,55.69,1597.1,1987.01,1193.79,1.58,1.25,1613681,1481214,398315607,1.214,1.253,1.357,1.54,1.847,7.971,1.504210526,2.78,3.611053,1.405789474,1.306842105,1.323684211,-0.191789474,-0.053842105,0.033315789,0.035789474,1.42,1.59,-0.17
2020-03,99.94,107.93,108.98,102.34,109.44,7281215,5371871,29.32,33.51,33.95,1591.93,1754.64,1220.09,0.65,0.75,2789747,2535172,389322542,1.03,1.091,1.266,1.485,1.84,8.005,0.87,3.02,4.288182,0.331818182,0.503636364,0.591818182,0.698181818,0.587363636,0.674181818,0.615,1.23,1.35,-0.12
2020-04,99.5,97.43,85.86,99.92,88.44,5277226,5041816,16.98,26.19,26.85,1682.93,1947.56,1225.23,0.05,0.75,2023830,1879899,392733030,0.893,1.024,1.26,1.504,2.145,8.367,0.657619048,2.43,4.127143,0.184285714,0.27952381,0.388095238,0.708714286,0.74447619,0.871904762,0.846380952,1.1,0,1.1
2020-05,99.44,88.84,81.1,96.88,84.51,4589358,4292824,28.78,32.6,32.42,1716.38,2029.6,1228.67,0.05,0.5,1616039,1449379,395719124,0.779,0.878,1.129,1.394,2.179,8.44,0.674,2.5,3.954,0.1615,0.218,0.3395,0.6175,0.66,0.7895,0.72,1.02,0.17,0.85
2020-06,99.71,91.86,91.64,97.13,93.89,5735515,4597451,38.31,40.07,40.86,1732.22,2108.33,1210.01,0.08,0.5,1815743,1704317,398627184,0.719,0.85,1.127,1.392,2.218,8.515,0.728636364,2.44,3.641818,0.176363636,0.224545455,0.344545455,0.542636364,0.625454545,0.782454545,0.663363636,0.79,0.2,0.59
2020-07,99.63,99.82,99.41,102.42,100.98,6596979,4445079,40.72,42.53,43.3,1843.31,2249.37,1198.9,0.09,0.5,1474532,1520195,404236810,0.689,0.826,1.094,1.36,2.219,8.544,0.623636364,2.14,3.313182,0.145454545,0.173636364,0.278636364,0.543545455,0.652363636,0.815363636,0.736363636,0.79,0.18,0.61
2020-08,100.19,91.39,93.29,93.48,93.99,5581925,4614340,42.37,43.92,45.08,1968.03,2326.17,1186.85,0.1,0.5,1609091,1574401,406600863,0.671,0.829,1.092,1.373,2.192,8.542,0.65,2.25,3.274286,0.13047619,0.161428571,0.266666667,0.54052381,0.667571429,0.825333333,0.723,0.68,0.15,0.53
2020-09,100.74,99.8,112.33,101.68,112.43,6997554,4654363,39.6,41.37,41.93,1922.21,2327.89,1178.8,0.09,0.5,1688063,1608882,408231994,0.705,0.908,1.194,1.5,2.239,8.59,0.67952381,2.31,3.364286,0.127619048,0.158095238,0.26952381,0.577380952,0.749904762,0.92447619,0.82047619,0.63,0.13,0.5
2020-10,100.18,100.16,105.56,102.28,104.99,6562209,4363458,39.41,40.81,41.61,1900.28,2267.15,1144.68,0.09,0.5,1332417,1287786,414167853,0.68,0.91,1.196,1.507,2.239,8.598,0.787142857,2.35,3.439524,0.126666667,0.187619048,0.335714286,0.553333333,0.722380952,0.860285714,0.719857143,0.63,0.12,0.51
2020-11,100.09,103.35,109.25,104.46,107.15,6664272,4188104,41.39,43.47,44.05,1863.49,2591.34,1116.76,0.09,0.5,1852117,1928324,423963271,0.7,0.965,1.295,1.61,2.247,8.636,0.87,2.3,3.295789,0.117368421,0.215789474,0.387894737,0.582631579,0.749210526,0.907105263,0.74,0.66,0.16,0.5
2020-12,100.33,114.91,118.65,113.25,113.85,7157647,4910784,47.07,49.63,50.38,1855.96,2873.47,1095.13,0.09,0.5,1979231,1910142,430117234,0.719,0.97,1.323,1.675,2.211,8.619,0.933636364,2.26,3.164091,0.100454545,0.188181818,0.385909091,0.618545455,0.781818182,0.937090909,0.741363636,0.66,0.17,0.49
2021-01,101.04,114.99,108.86,108.85,102.34,8412355,5018162,51.85,54.65,55.22,1866.99,2976.21,1097.49,0.09,0.5,2437308,2377495,429558627,0.695,0.975,1.316,1.731,2.143,8.543,1.081052632,2.45,3.243684,0.100526316,0.198421053,0.445263158,0.594473684,0.776578947,0.870736842,0.649947368,0.68,0.14,0.54
2021-02,101.58,109.67,105.87,100.48,97.56,6396235,5761028,59.23,61.25,62.36,1808.18,3012.95,1111.72,0.08,0.5,2202935,2174158,434365551,0.671,0.995,1.348,1.845,2.055,8.439,1.257894737,2.7,3.421053,0.072631579,0.214210526,0.542631579,0.598368421,0.780789474,0.805368421,0.587105263,0.73,0.11,0.62
2021-03,101.84,128.65,125.1,113.76,113.14,7970756,6221033,62.18,64.29,65.8,1718.23,3061.42,1131.02,0.07,0.5,2579325,2647151,433222626,0.684,1.133,1.55,2.04,2.091,8.459,1.610869565,3.04,3.742609,0.075652174,0.316521739,0.823043478,0.608347826,0.816478261,0.726956522,0.429130435,0.75,0.1,0.65
2021-04,101.98,130.93,121.87,113.08,106.35,7557229,6440357,61.42,63.13,65.53,1761.68,3147.86,1119.4,0.07,0.5,2281672,2307756,439294230,0.659,1.138,1.577,2.041,1.983,8.351,1.635,2.9,3.603333,0.060909091,0.345909091,0.861818182,0.598090909,0.792090909,0.715181818,0.406,0.74,0.11,0.63
2021-05,102.05,123.88,120.86,106.57,103.78,7448016,6436130,65.16,66.35,68.38,1855.56,3203.92,1123.28,0.06,0.5,2107499,2004593,443481045,0.611,1.134,1.647,2.131,1.891,8.259,1.621,2.96,3.62,0.0505,0.324,0.8195,0.5605,0.81,0.8275,0.51,0.68,0.1,0.58
2021-06,102.05,128.88,128.8,107.9,108.56,8717226,6489351,71.38,71.3,73.51,1834.57,3296.68,1121.3,0.08,0.5,2672558,2606880,441229418,0.798,1.302,1.701,2.103,1.913,8.29,1.519090909,2.79,3.445,0.066818182,0.389545455,0.838636364,0.731181818,0.912454545,0.862363636,0.583909091,0.66,0.09,0.57
2021-07,102.26,137.89,130.69,111.79,108.37,8724016,6339477,72.59,72.14,74.4,1807.09,3202.32,1143.98,0.1,0.5,2157170,2065239,445714839,0.91,1.419,1.686,1.976,1.888,8.245,1.318571429,2.57,3.244762,0.075714286,0.403333333,0.764285714,0.834285714,1.015666667,0.921714286,0.657428571,0.69,0.1,0.59
2021-08,102.75,132.72,126.02,106.13,104.43,7704224,6210232,67.87,68.73,70.59,1783.97,3199.27,1160.34,0.09,0.75,1896801,1872240,439293477,1.001,1.411,1.653,1.905,1.838,8.17,1.283181818,2.55,3.239545,0.073636364,0.419090909,0.772272727,0.927363636,0.991909091,0.880727273,0.621818182,0.77,0.1,0.67
2021-09,103.17,133.6,133.18,107.04,109.73,7983934,5959730,71.54,72.76,74.75,1777.25,3068.82,1169.54,0.08,0.75,1715604,1740757,439199800,1.073,1.515,1.786,2.061,1.953,8.197,1.374761905,2.53,3.23,0.077142857,0.471904762,0.863809524,0.995857143,1.043095238,0.922190476,0.686238095,0.98,0.1,0.88
2021-10,103.35,139.29,132.29,109.31,108.03,8066783,5995841,81.36,81.44,83.87,1776.85,2970.68,1182.82,0.08,0.75,1908407,1836532,444208416,1.178,1.842,2.154,2.399,2.302,8.376,1.5825,2.68,3.353,0.113,0.67,1.106,1.065,1.172,1.048,0.8165,1.08,0.11,0.97
2021-11,103.87,147.64,138.64,111.84,113.23,8133640,6640496,79.1,78.66,80.89,1820.23,2839.01,1182.91,0.08,1,2028922,2004053,439131372,1.339,1.953,2.174,2.355,2.492,8.374,1.5595,2.62,3.280476,0.179,0.8195,1.2025,1.16,1.1335,0.9715,0.7955,1.17,0.14,1.03
2021-12,104.04,158.09,144.75,119.93,119.29,8787542,5701577,71.8,72.85,74.68,1786.65,2977.65,1183.7,0.08,1,1508330,1602064,438319248,1.32,1.8,1.981,2.187,2.41,8.263,1.465,2.65,3.29619,0.299090909,0.952727273,1.229545455,1.020909091,0.847272727,0.751454545,0.722,1.27,0.17,1.1
2022-01,104.85,155.81,133.66,121.03,110.81,8569920,7105625,83.28,83.45,85.62,1816.77,2663.34,1194.01,0.08,1.25,1638505,1618989,436836167,1.422,2.06,2.279,2.492,2.632,8.506,1.764,2.93,3.585,0.5495,1.249,1.5385,0.8725,0.811,0.7405,0.728,1.39,0.22,1.17
2022-02,105.42,138.78,127.41,104.26,104.07,7740905,5965125,91.61,91.53,94.27,1856.3,2699.18,1198.34,0.08,1.25,1577578,1681229,437043509,1.48,2.285,2.495,2.69,2.873,8.724,1.934210526,3.25,3.967895,1.004210526,1.651052632,1.811578947,0.475789474,0.633947368,0.683421053,0.755789474,1.5,0.38,1.12
2022-03,106.1,165.76,152.14,119.88,119.92,9638757,6996572,108.4,107.59,112.44,1947.83,2757.65,1221.03,0.2,1.25,2125829,2102683,433022025,1.586,2.369,2.6,2.784,3.028,8.858,2.127826087,3.43,4.293913,1.335217391,2.085652174,2.109130435,0.250782609,0.283347826,0.490869565,0.656173913,1.5,0.73,0.77
2022-04,106.83,155.99,139.04,107.22,108.06,9605726,6606658,101.99,102.76,106.16,1933.9,2695.05,1232.34,0.33,1.5,2237665,2140043,425076761,2.002,2.941,3.14,3.219,3.631,9.471,2.7475,3.76,4.659,1.887,2.724,2.7775,0.115,0.217,0.3625,0.4715,1.64,0.91,0.73
2022-05,107.5,163.51,145.18,113.51,112,9620649,7196286,109.71,107.86,112.11,1849.83,2685.9,1269.88,0.77,1.75,2184830,2134394,423355152,2.049,3.019,3.227,3.295,3.775,9.618,2.898095238,4.13,5.116667,2.05952381,2.79,2.874285714,-0.01052381,0.229,0.352714286,0.396904762,1.77,1.33,0.44
2022-06,108.21,155.23,137.94,106.61,105.95,9768741,6769779,114.68,111.86,117.69,1837.06,2332.64,1277.35,1.21,1.75,1956845,1889257,414491928,2.599,3.477,3.651,3.64,4.233,10.08,3.143333333,4.24,5.267619,2.651428571,3.145714286,3.19,-0.052428571,0.331285714,0.461,0.496666667,1.99,1.87,0.12
2022-07,108.73,168.97,140.66,116.43,111.64,10104092,6690429,101.92,100.32,105.25,1737.38,2451.5,1307.4,1.68,2.25,1414601,1423453,415046922,2.958,3.238,3.299,3.3,4.126,9.976,2.896,4.06,5.2135,3.0195,3.0315,2.9635,-0.0615,0.2065,0.3355,0.404,2.41,2.5,-0.09
2022-08,108.63,170.77,135.14,122.76,110.25,8751247,7779216,93.69,95.69,97.64,1764.13,2472.05,1318.44,2.33,2.5,1534883,1541864,412848791,2.987,3.247,3.304,3.322,4.227,10.078,2.897826087,4.07,5.152609,3.275217391,3.225652174,3.027391304,-0.288217391,0.021347826,0.276608696,0.424173913,2.79,2.76,0.03
2022-09,108.82,157.88,136.49,115.62,114.1,9248928,6657837,84.4,89.74,90.61,1683.21,2155.49,1391.59,2.56,2.5,1641286,1594196,393596481,3.287,3.903,3.94,3.897,4.9,10.756,3.519047619,4.59,5.69381,3.891904762,3.878571429,3.696666667,-0.604904762,0.024428571,0.243333333,0.377952381,3.01,3.21,-0.2
2022-10,109.16,153.04,123.64,115.18,104.68,8591668,6692906,87.29,91.21,93.72,1666.63,2293.61,1426.66,3.08,3,1555336,1586491,390643871,3.602,4.235,4.286,4.267,5.436,11.288,3.9835,5.1,6.25619,4.4275,4.3785,4.178,-0.8255,-0.1435,0.108,0.2835,3.69,3.85,-0.16
2022-11,109.07,152.49,122.79,116.05,106.08,8775694,6529866,84.08,84.6,90.94,1727.9,2472.53,1364.1,3.78,3.25,1734031,1824570,392302775,3.838,3.895,3.946,3.915,5.487,11.331,3.891,4.9,6.0655,4.728,4.336,4.0555,-0.89,-0.441,-0.1095,0.024,3.99,4.46,-0.47
2022-12,109.26,154.27,127.09,118.62,111.74,9349378,6794422,76.58,76.86,81.5,1797.41,2236.4,1296.22,4.1,3.25,1266505,1208230,399043064,3.705,3.63,3.588,3.541,5.302,11.173,3.616190476,4.43,5.59381,4.681904762,4.046666667,3.764285714,-0.976904762,-0.416666667,-0.176285714,-0.075190476,4.02,4.51,-0.49
2023-01,110.07,152.78,109.39,119.72,96.62,8058604,6995423,78.25,80.91,84.08,1896.06,2425.08,1247.25,4.33,3.5,1260924,1405094,405587805,3.584,3.46,3.418,3.411,4.704,10.788,3.5315,4.4,5.502,4.694,3.913,3.643,-1.11,-0.453,-0.225,-0.1205,3.8,4.61,-0.81
2023-02,110.33,142.82,118.24,111.23,104.97,8991831,6011957,77.03,81.28,83.63,1853.41,2412.85,1270.74,4.57,3.5,1456369,1464975,401243805,3.528,3.47,3.471,3.45,4.274,10.631,3.746842105,4.56,5.594211,4.925263158,4.234210526,3.942105263,-1.397263158,-0.764210526,-0.471105263,-0.296842105,3.52,4.74,-1.22
2023-03,110.52,154.62,131.25,119.66,116.69,9775068,6675931,73.35,78.27,79.26,1913.65,2476.86,1305.73,4.65,3.5,1834761,1854020,401730032,3.452,3.461,3.445,3.448,4.184,10.595,3.663043478,4.6,5.714348,4.679130435,4.085217391,3.823478261,-1.227130435,-0.624217391,-0.378478261,-0.215043478,3.61,4.91,-1.3
2023-04,110.77,134.1,116.47,105.6,104.27,9181047,5510740,79.13,83.41,83.54,1999.67,2501.53,1320.01,4.83,3.5,2047642,2118512,402190255,3.254,3.263,3.253,3.319,4.072,10.458,3.46,4.47,5.533158,4.681,3.758,3.537,-1.427,-0.495,-0.284,-0.141,3.5,5.03,-1.53
2023-05,111.13,139.43,123.81,110.04,111.96,9459648,6017116,71.67,74.79,75.75,1989.83,2577.12,1328.21,5.06,3.5,1772968,1837151,396787900,3.416,3.33,3.323,3.402,4.139,10.524,3.573636364,4.67,5.766364,4.912727273,3.820454545,3.591363636,-1.496727273,-0.490454545,-0.268363636,-0.171636364,3.64,5.15,-1.51
2023-06,111.16,136.5,125.27,111.17,114.35,9599198,5531066,70.31,74.73,74.98,1944.73,2564.28,1296.71,5.08,3.5,1752937,1718280,397202408,3.511,3.548,3.552,3.611,4.356,10.744,3.748095238,4.65,5.754286,5.241428571,4.266666667,3.94952381,-1.730428571,-0.718666667,-0.39752381,-0.137095238,3.75,5.22,-1.47
2023-07,111.29,125.63,118.78,104.11,108.35,9309186,5319602,75.77,80.65,80.11,1950.27,2632.58,1286.3,5.12,3.5,1929883,1992088,397490841,3.57,3.638,3.64,3.681,4.437,10.829,3.8995,4.66,5.7415,5.37,4.472,4.1415,-1.8,-0.834,-0.5015,-0.2185,3.75,5.35,-1.6
2023-08,112.28,130.89,122.63,107.79,110.4,8959141,5390722,81.37,86.12,85.17,1919.3,2556.27,1318.47,5.33,3.5,1942349,1993547,393866255,3.496,3.727,3.771,3.86,4.5,10.91,4.167826087,4.95,6.017391,5.367391304,4.586956522,4.306521739,-1.871391304,-0.859956522,-0.535521739,-0.307826087,3.7,5.44,-1.74
2023-09,112.85,131.46,129.76,106.78,115.68,10078334,5122090,89.24,93.24,92.67,1915.43,2465.07,1329.47,5.33,3.5,1346023,1299201,389988672,3.61,3.842,3.881,3.949,4.602,11.022,4.379,5.13,6.156,5.436,4.741,4.487,-1.826,-0.899,-0.606,-0.43,3.76,5.49,-1.73
2023-10,113.27,136.93,126.28,109.21,112.56,10059689,6212986,85.47,88.79,88.95,1913.98,2277.99,1350.69,5.33,3.5,1614581,1560292,388859495,3.741,4.031,4.142,4.272,4.827,11.222,4.798095238,5.61,6.629524,5.424761905,4.885238095,4.772380952,-1.683761905,-0.854238095,-0.630380952,-0.526095238,3.82,5.46,-1.64
2023-11,112.68,133.42,131.52,106.86,118.45,10943600,6204912,77.58,82.64,82.19,1985.78,2535.29,1310.39,5.33,3.5,1442888,1501472,392665116,3.722,3.771,3.818,3.89,4.583,10.978,4.502857143,5.28,6.291905,5.281428571,4.642380952,4.486190476,-1.559428571,-0.871380952,-0.668190476,-0.612857143,3.83,5.41,-1.58
2023-12,112.73,136.1,131.17,109.99,119.06,11280989,6279486,72.02,77.57,77.54,2034.7,2655.28,1303.98,5.33,3.5,1241833,1261149,395643309,3.516,3.35,3.371,3.415,4.076,10.529,4.02,4.74,5.642,4.959,4.194,4.0045,-1.443,-0.844,-0.6335,-0.605,3.83,5.32,-1.49
